Staff_ID,Staff_FName,Staff_LName,Dept,Position,Country,Email,Reporting_Manager,Role,Unhashed_Password
130002,Jack,Sim,CEO,MD,Singapore,jack.sim@allinone.com.sg,130002,1,QcCnEU0b
140001,Derek,Tan,Sales,Director,Singapore,Derek.Tan@allinone.com.sg,130002,1,bJQO3npf
150008,Eric,Loh,Solutioning,Director,Singapore,Eric.Loh@allinone.com.sg,130002,1,VaAGLs9T
151408,Philip,Lee,Engineering,Director,Singapore,Philip.Lee@allinone.com.sg,130002,1,oXX8siYS
140894,Rahim,Khalid,Sales,Sales Manager,Singapore,Rahim.Khalid@allinone.com.sg,140001,3,ozEhgMTe
140002,Susan,Goh,Sales,Account Manager,Singapore,Susan.Goh@allinone.com.sg,140894,2,uQGvtUzH
140003,Janice,Chan,Sales,Account Manager,Singapore,Janice.Chan@allinone.com.sg,140894,2,yJCZs3e5
140004,Mary,Teo,Sales,Account Manager,Singapore,Mary.Teo@allinone.com.sg,140894,2,cXdjllP6
140015,Oliva,Lim,Sales,Account Manager,Singapore,Oliva.Lim@allinone.com.sg,140894,2,n0GauM0S
140025,Emma,Heng,Sales,Account Manager,Singapore,Emma.Heng@allinone.com.sg,140894,2,Cng4eRax
140036,Charlotte,Wong,Sales,Account Manager,Singapore,Charlotte.Wong@allinone.com.sg,140894,2,0pJXvRbp
140078,Amelia,Ong,Sales,Account Manager,Singapore,Amelia.Ong@allinone.com.sg,140894,2,ZZFzcOEg
140102,Eva,Yong,Sales,Account Manager,Singapore,Eva.Yong@allinone.com.sg,140894,2,7aBZFU62
140108,Liam,The,Sales,Account Manager,Singapore,Liam.The@allinone.com.sg,140894,2,ySRIyZXy
140115,Noah,Ng,Sales,Account Manager,Singapore,Noah.Ng@allinone.com.sg,140894,2,l1kTtxRI
140525,Oliver,Tan,Sales,Account Manager,Singapore,Oliver.Tan@allinone.com.sg,140894,2,79Dso9Of
140736,William,Fu,Sales,Account Manager,Singapore,William.Fu@allinone.com.sg,140894,2,vZULkuUi
140878,James,Tong,Sales,Account Manager,Singapore,James.Tong@allinone.com.sg,140894,2,78Uyggh9
140008,Jaclyn,Lee,Sales,Sales Manager,Singapore,Jaclyn.Lee@allinone.com.sg,140001,3,3dNbWPPh
140103,Sophia,Toh,Sales,Sales Manager,Singapore,Sophia.Toh@allinone.com.sg,140001,3,6aEzZxVJ
140879,Siti,Abdullah,Sales,Sales Manager,Singapore,Siti.Abdullah@allinone.com.sg,140001,3,Jqvs4WvU
140944,Yee,Lim,Sales,Sales Manager,Singapore,Yee.Lim@allinone.com.sg,140001,3,w3r7skS6
140923,Ngoc,Trinh,Sales,Account Manager,Vietnam,Ngoc.Trinh@allinone.com.vn,140944,2,shfJb8Cp
140924,Manoj,Kumar,Sales,Account Manager,Vietnam,Manoj.Kumar@allinone.com.vn,140944,2,sMwVgCgt
140925,Anh,Pham,Sales,Account Manager,Vietnam,Anh.Pham@allinone.com.vn,140944,2,JvfhqJzw
140926,Somsak,Somsri,Sales,Account Manager,Vietnam,Somsak.Somsri@allinone.com.vn,140944,2,MB1WfJCR
150143,John,Lim,Engineering,Senior Engineers,Singapore,John.Lim@allinone.com.sg,151408,2,cC4bqcIc
150065,Noah,Goh,Engineering,Senior Engineers,Singapore,Noah.Goh@allinone.com.sg,151408,2,Chxcfh7n
150075,Liam,Tan,Engineering,Senior Engineers,Singapore,Liam.Tan@allinone.com.sg,151408,2,0u89Yg3A
150076,Oliver,Chan,Engineering,Junior Engineers,Singapore,Oliver.Chan@allinone.com.sg,151408,2,K7xi0Low
150085,Michael,Ng,Engineering,Junior Engineers,Singapore,Michael.Ng@allinone.com.sg,151408,2,noEUheA8
150095,Alexander,The,Engineering,Junior Engineers,Singapore,Alexander.The@allinone.com.sg,151408,2,8VJDk3Tr
150096,Ethan,Tan,Engineering,Junior Engineers,Singapore,Ethan.Tan@allinone.com.sg,151408,2,p3xNHCj2
150115,Jaclyn,Poh,Engineering,Junior Engineers,Singapore,Jaclyn.Poh@allinone.com.sg,151408,2,mOjWhuGe
150118,William,Teo,Engineering,Junior Engineers,Singapore,William.Teo@allinone.com.sg,151408,2,X2Ots1LW
150125,Mary,Ma,Engineering,Junior Engineers,Singapore,Mary.Ma@allinone.com.sg,151408,2,4MD5mjAi
150126,Oliva,Lam,Engineering,Junior Engineers,Singapore,Oliva.Lam@allinone.com.sg,151408,2,FIdsJw1m
150138,Daniel,Fu,Engineering,Junior Engineers,Singapore,Daniel.Fu@allinone.com.sg,151408,2,IWyTm23c
150142,James,Lee,Engineering,Junior Engineers,Singapore,James.Lee@allinone.com.sg,151408,2,vwTJjgNK
150245,Benjamin,Tan,Engineering,Call Centre,Singapore,Benjamin.Tan@allinone.com.sg,151408,2,PfKs5dD5
150148,Jack,Heng,Engineering,Call Centre,Singapore,Jack.Heng@allinone.com.sg,151408,2,ENUhB0yn
150155,Derek,Wong,Engineering,Call Centre,Singapore,Derek.Wong@allinone.com.sg,151408,2,3Umusnxe
150162,Jacob,Tong,Engineering,Call Centre,Singapore,Jacob.Tong@allinone.com.sg,151408,2,lkcwRsE8
150163,Logan,Loh,Engineering,Call Centre,Singapore,Logan.Loh@allinone.com.sg,151408,2,Mj5C1D0S
150165,Jacob,Ming,Engineering,Call Centre,Singapore,Jacob.Ming@allinone.com.sg,151408,2,qvADeEHw
150166,James,Fu,Engineering,Call Centre,Singapore,James.Fu@allinone.com.sg,151408,2,nXjxCxre
150168,John,Fu,Engineering,Call Centre,Singapore,John.Fu@allinone.com.sg,151408,2,BWgUjpOq
150175,Jack,Tan,Engineering,Call Centre,Singapore,Jack.Tan@allinone.com.sg,151408,2,wWF7ftAJ
150192,Derek,Heng,Engineering,Call Centre,Singapore,Derek.Heng@allinone.com.sg,151408,2,29UKVQLM
150193,Benjamin,Wong,Engineering,Call Centre,Singapore,Benjamin.Wong@allinone.com.sg,151408,2,U8Toq180
150198,Lucas,Ong,Engineering,Call Centre,Singapore,Lucas.Ong@allinone.com.sg,151408,2,6NEeKm3v
150205,Ethan,Yong,Engineering,Call Centre,Singapore,Ethan.Yong@allinone.com.sg,151408,2,TxpcnEPo
150208,Daniel,Tong,Engineering,Call Centre,Singapore,Daniel.Tong@allinone.com.sg,151408,2,1sgcKGd8
150215,Jacob,Lee,Engineering,Call Centre,Singapore,Jacob.Lee@allinone.com.sg,151408,2,u2vi20Gx
150216,Logan,Lim,Engineering,Call Centre,Singapore,Logan.Lim@allinone.com.sg,151408,2,MTBoaK79
150232,Jackson,Loh,Engineering,Call Centre,Singapore,Jackson.Loh@allinone.com.sg,151408,2,P1HgBKuc
150233,Aiden,Tan,Engineering,Call Centre,Singapore,Aiden.Tan@allinone.com.sg,151408,2,QMg5xpxx
150238,Samuel,Tong,Engineering,Call Centre,Singapore,Samuel.Tong@allinone.com.sg,151408,2,KGJ1Vas8
150345,William,Heng,Engineering,Senior Engineers,Singapore,William.Heng@allinone.com.sg,151408,2,xZ1lnQRg
150258,Daniel,Heng,Engineering,Senior Engineers,Singapore,Daniel.Heng@allinone.com.sg,151408,2,gyIh79pb
150265,Jaclyn,Tong,Engineering,Senior Engineers,Singapore,Jaclyn.Tong@allinone.com.sg,151408,2,mcAO9e0G
150275,Mary,Fu,Engineering,Junior Engineers,Singapore,Mary.Fu@allinone.com.sg,151408,2,d32CPtL9
150276,Oliva,Loh,Engineering,Junior Engineers,Singapore,Oliva.Loh@allinone.com.sg,151408,2,tzUIXOn7
150282,Jacob,Wong,Engineering,Junior Engineers,Singapore,Jacob.Wong@allinone.com.sg,151408,2,dbH9zAWS
150283,Logan,Ong,Engineering,Junior Engineers,Singapore,Logan.Ong@allinone.com.sg,151408,2,BGSMTy0n
150288,Jackson,Yong,Engineering,Junior Engineers,Singapore,Jackson.Yong@allinone.com.sg,151408,2,xGAe95Dt
150295,Aiden,Toh,Engineering,Junior Engineers,Singapore,Aiden.Toh@allinone.com.sg,151408,2,tNcTeG5I
150318,Emma,Tan,Engineering,Junior Engineers,Singapore,Emma.Tan@allinone.com.sg,151408,2,nRy8UXYo
150342,Charlotte,Tan,Engineering,Junior Engineers,Singapore,Charlotte.Tan@allinone.com.sg,151408,2,EOSohu9Q
150343,Amelia,Tan,Engineering,Junior Engineers,Singapore,Amelia.Tan@allinone.com.sg,151408,2,czjWQS8F
150555,Jaclyn,Wong,Engineering,Call Centre,Singapore,Jaclyn.Wong@allinone.com.sg,151408,2,pRLfjxDv
150348,Eva,Goh,Engineering,Call Centre,Singapore,Eva.Goh@allinone.com.sg,151408,2,LSIatK1K
150355,Sophia,Chan,Engineering,Call Centre,Singapore,Sophia.Chan@allinone.com.sg,151408,2,juyatqw8
150356,James,Wong,Engineering,Call Centre,Singapore,James.Wong@allinone.com.sg,151408,2,RnKf34ZQ
150398,John,Ong,Engineering,Call Centre,Singapore,John.Ong@allinone.com.sg,151408,2,KJidFkfm
150422,Jack,Yong,Engineering,Call Centre,Singapore,Jack.Yong@allinone.com.sg,151408,2,tbXEWdZv
150423,Derek,Toh,Engineering,Call Centre,Singapore,Derek.Toh@allinone.com.sg,151408,2,QGu1WCbF
150428,Benjamin,The,Engineering,Call Centre,Singapore,Benjamin.The@allinone.com.sg,151408,2,vGAk8KnD
150435,Lucas,Ng,Engineering,Call Centre,Singapore,Lucas.Ng@allinone.com.sg,151408,2,GES5RpnD
150445,Ethan,Loh,Engineering,Call Centre,Singapore,Ethan.Loh@allinone.com.sg,151408,2,E1Ntoaan
150446,Daniel,Tan,Engineering,Call Centre,Singapore,Daniel.Tan@allinone.com.sg,151408,2,pXiSt59O
150488,Jacob,Tan,Engineering,Call Centre,Singapore,Jacob.Tan@allinone.com.sg,151408,2,7Xtu6B2O
150512,Logan,Tan,Engineering,Call Centre,Singapore,Logan.Tan@allinone.com.sg,151408,2,2B6f8bLo
150513,Jackson,Goh,Engineering,Call Centre,Singapore,Jackson.Goh@allinone.com.sg,151408,2,Ckzb07fD
150518,Aiden,Chan,Engineering,Call Centre,Singapore,Aiden.Chan@allinone.com.sg,151408,2,f1P7K2qG
150525,Samuel,Teo,Engineering,Call Centre,Singapore,Samuel.Teo@allinone.com.sg,151408,2,vRV4bQd0
151410,Phuong,Dinh,Engineering,Operation Planning Team,Singapore,Phuong.Dinh@allinone.com.sg,151408,2,ckg7kxU5
150866,Henry,Chan,Engineering,Senior Engineers,Singapore,Henry.Chan@allinone.com.sg,151408,2,dAGuGgtq
150565,Benjamin,Ong,Engineering,Senior Engineers,Singapore,Benjamin.Ong@allinone.com.sg,151408,2,cZKsazz9
150566,Oliva,Ong,Engineering,Senior Engineers,Singapore,Oliva.Ong@allinone.com.sg,151408,2,P6t1LghJ
150585,Samuel,Tan,Engineering,Junior Engineers,Singapore,Samuel.Tan@allinone.com.sg,151408,2,HqTxOxVi
150608,Emma,Yong,Engineering,Junior Engineers,Singapore,Emma.Yong@allinone.com.sg,151408,2,JBLD4nsS
150615,Sophie,Toh,Engineering,Junior Engineers,Singapore,Sophie.Toh@allinone.com.sg,151408,2,91Kpuv21
150632,Charlotte,Toh,Engineering,Junior Engineers,Singapore,Charlotte.Toh@allinone.com.sg,151408,2,f0WoECkg
150633,Amelia,The,Engineering,Junior Engineers,Singapore,Amelia.The@allinone.com.sg,151408,2,uyH9sQLJ
150638,Eva,Ng,Engineering,Junior Engineers,Singapore,Eva.Ng@allinone.com.sg,151408,2,HIlFKPRF
150645,Sophia,Tan,Engineering,Junior Engineers,Singapore,Sophia.Tan@allinone.com.sg,151408,2,O6wkjcJv
150655,Lucas,Goh,Engineering,Junior Engineers,Singapore,Lucas.Goh@allinone.com.sg,151408,2,wLsqu8Et
150695,William,Tan,Engineering,Junior Engineers,Singapore,William.Tan@allinone.com.sg,151408,2,UNbEQmLQ
150705,Samuel,The,Engineering,Junior Engineers,Singapore,Samuel.The@allinone.com.sg,151408,2,pNRZCeoi
150765,Liam,Teo,Engineering,Junior Engineers,Singapore,Liam.Teo@allinone.com.sg,151408,2,iQPrmhKk
150776,Lucas,Yong,Engineering,Junior Engineers,Singapore,Lucas.Yong@allinone.com.sg,151408,2,HywLj6Xf
150796,Susan,Teo,Engineering,Junior Engineers,Singapore,Susan.Teo@allinone.com.sg,151408,2,kS4zd3qx
150826,LiamMing,Fu,Engineering,Junior Engineers,Singapore,LiamMing.Fu@allinone.com.sg,151408,2,nqA9MuhG
150845,Henry,Fu,Engineering,Junior Engineers,Singapore,Henry.Fu@allinone.com.sg,151408,2,NlluU069
150938,Jani,Tan,Engineering,Junior Engineers,Singapore,Jani.Tan@allinone.com.sg,151408,2,mfoIr7ps
150968,Noah,Lim,Engineering,Junior Engineers,Singapore,Noah.Lim@allinone.com.sg,151408,2,LtwxzSYH
150976,Noah,Lee,Engineering,Junior Engineers,Singapore,Noah.Lee@allinone.com.sg,151408,2,syqjR6XT
150916,Susan,Ng,Engineering,Operation Planning Team,Singapore,Susan.Ng@allinone.com.sg,151408,2,6jeQgOie
150918,Henry,Toh,Engineering,Operation Planning Team,Singapore,Henry.Toh@allinone.com.sg,151408,2,QRgiAE8q
150935,Susan,Lee,Engineering,Operation Planning Team,Singapore,Susan.Lee@allinone.com.sg,151408,2,AIMuKGiy
151008,Alexander,Teo,Engineering,Operation Planning Team,Singapore,Alexander.Teo@allinone.com.sg,151408,2,3Jv5NDR4
151055,Liam,Fu,Engineering,Operation Planning Team,Singapore,Liam.Fu@allinone.com.sg,151408,2,4xmDMs2q
151056,Alexander,Fu,Engineering,Operation Planning Team,Singapore,Alexander.Fu@allinone.com.sg,151408,2,h4eMJHZl
151058,Janice,Tan,Engineering,Operation Planning Team,Singapore,Janice.Tan@allinone.com.sg,151408,2,WyKZ6OPD
151118,Oliver,Lim,Engineering,Operation Planning Team,Singapore,Oliver.Lim@allinone.com.sg,151408,2,IK78n5yr
151146,Janice,Lim,Engineering,Operation Planning Team,Singapore,Janice.Lim@allinone.com.sg,151408,2,LlqZ7pdt
151198,Michael,Tong,Engineering,Operation Planning Team,Singapore,Michael.Tong@allinone.com.sg,151408,2,8fntJGUd
151266,Noah,Tong,Engineering,Operation Planning Team,Singapore,Noah.Tong@allinone.com.sg,151408,2,86VTMH4T
151288,Mary,Heng,Engineering,Operation Planning Team,Singapore,Mary.Heng@allinone.com.sg,151408,2,2OaBPxBO
151407,Oliver,Loh,Engineering,Operation Planning Team,Singapore,Oliver.Loh@allinone.com.sg,151408,2,ljGdiQHH
151441,Minh,Hoang,Engineering,Senior Engineers,Singapore,Minh.Hoang@allinone.com.sg,151408,2,e3v10Pzz
151411,Bao,Nguyen,Engineering,Junior Engineers,Singapore,Bao.Nguyen@allinone.com.sg,151408,2,sEBiSL6Q
151412,Wati,Halim,Engineering,Junior Engineers,Singapore,Wati.Halim@allinone.com.sg,151408,2,S4ssimZb
151413,Seng,Soeun,Engineering,Junior Engineers,Singapore,Seng.Soeun@allinone.com.sg,151408,2,8Z2eHbtw
151452,Rithya,Suon,Engineering,Operation Planning Team,Indonesia ,Rithya.Suon@allinone.com.id,151408,2,3nUWDonp
151414,Yun,Lee,Engineering,Operation Planning Team,Indonesia ,Yun.Lee@allinone.com.id,151408,2,DM4gJk7M
160008,Sally,Loh,HR,Director,Singapore,Sally.Loh@allinone.com.sg,130002,1,0EmvwjLv
170166,David,Yap,Finance,Director,Singapore,David.Yap@allinone.com.sg,130002,1,36cldhOK
180001,Ernst,Sim,Consultancy,Director,Singapore,Ernst.Sim@allinone.com.sg,130002,1,pbpIjlQz
210001,Peter,Yap,IT,Director,Singapore,Peter.aypallinone.com.sg,130002,1,3xWq3n5R
190019,Heng,Sim,Solutioning,Developers,Singapore,Heng.Sim@allinone.com.sg,150008,2,1UjUyJK3
190037,Susi,Abdullah,Solutioning,Developers,Singapore,Susi.Abdullah@allinone.com.sg,150008,2,WocDWfwC
190059,Phuc,Le,Solutioning,Support Team,Singapore,Phuc.Le@allinone.com.sg,150008,2,2HtgOHkG
190067,Minh,Ly,Solutioning,Support Team,Malaysia,Minh.Ly@allinone.com.sg,150008,2,6CAITDnH
190070,Narah,Khun,Solutioning,Support Team,Indonesia ,Narah.Khun@allinone.com.sg,150008,2,ITVzrAL2
190077,Anhu,Pham,Solutioning,Support Team,Vietnam,Anhu.Pham@allinone.com.sg,150008,2,Ejravn0z
190086,Hlaing,Situ,Solutioning,Support Team,Hong Kong,Hlaing.Situ@allinone.com.sg,150008,2,y9dlo5dA
190093,Chandra,Raj,Solutioning,Support Team,Singapore,Chandra.Raj@allinone.com.sg,150008,2,3gAy3Zsy
151505,Thi,Lam,Engineering,Junior Engineers,Singapore,Thi.Lam@allinone.com.sg,151408,2,2oyjyL2J
151506,Vannak,Sok,Engineering,Junior Engineers,Singapore,Vannak.Sok@allinone.com.sg,151408,2,Lp1gMVgS
151507,Phuong,Nguyen,Engineering,Junior Engineers,Singapore,Phuong.Nguyen@allinone.com.sg,151408,2,9EHunmxw
151508,Srey,Makara,Engineering,Junior Engineers,Singapore,Srey.Makara@allinone.com.sg,151408,2,EeUlo923
151509,Hlaing,Kyaw,Engineering,Junior Engineers,Singapore,Hlaing.Kyaw@allinone.com.sg,151408,2,G50ToN0i
151512,Chin,Heng,Engineering,Junior Engineers,Singapore,Chin.Heng@allinone.com.sg,151408,2,xPhdRIHG
151514,Somchai,Phan,Engineering,Junior Engineers,Singapore,Somchai.Phan@allinone.com.sg,151408,2,Svh8dYQk
151517,Chinh,Tran,Engineering,Junior Engineers,Singapore,Chinh.Tran@allinone.com.sg,151408,2,bUUOALrP
151518,Yee,Liu,Engineering,Call Centre,Singapore,Yee.Liu@allinone.com.sg,151408,2,HRgBljKS
151520,Sokunthea,Soy,Engineering,Call Centre,Singapore,Sokunthea.Soy@allinone.com.sg,151408,2,8PwgBKtD
151521,Champa,Thach,Engineering,Call Centre,Singapore,Champa.Thach@allinone.com.sg,151408,2,2WAjfUkM
151523,Rahim,Ramli,Engineering,Call Centre,Singapore,Rahim.Ramli@allinone.com.sg,151408,2,DdspNILK
151524,Hakim,Hassan,Engineering,Call Centre,Singapore,Hakim.Hassan@allinone.com.sg,151408,2,pl9bsQI1
151525,Trung,Le,Engineering,Call Centre,Singapore,Trung.Le@allinone.com.sg,151408,2,8GEZRehK
151526,Seng,Chhour,Engineering,Call Centre,Singapore,Seng.Chhour@allinone.com.sg,151408,2,q1ugxrlR
151528,Phuc,Phung,Engineering,Call Centre,Singapore,Phuc.Phung@allinone.com.sg,151408,2,TeNVb0Wt
151533,Soma,San,Engineering,Call Centre,Singapore,Soma.San@allinone.com.sg,151408,2,qMmSeERT
151535,Vannak,Soun,Engineering,Call Centre,Singapore,Vannak.Soun@allinone.com.sg,151408,2,EekMvdqB
151536,Kumara,Suon,Engineering,Call Centre,Singapore,Kumara.Suon@allinone.com.sg,151408,2,yKHBNfSY
151539,Siti,Yusof,Engineering,Junior Engineers,Singapore,Siti.Yusof@allinone.com.sg,151408,2,sa2pR9X6
151540,Chanh,Sin,Engineering,Junior Engineers,Singapore,Chanh.Sin@allinone.com.sg,151408,2,WW1oIIGK
151541,Anhu,Tran,Engineering,Junior Engineers,Singapore,Anhu.Tran@allinone.com.sg,151408,2,J0Vb2vZE
151543,Priya,Krishnan,Engineering,Junior Engineers,Singapore,Priya.Krishnan@allinone.com.sg,151408,2,Yo6QJVJV
151544,Nanda,Lal,Engineering,Junior Engineers,Singapore,Nanda.Lal@allinone.com.sg,151408,2,FR8Tcj2b
151545,Rithy,Khun,Engineering,Junior Engineers,Singapore,Rithy.Khun@allinone.com.sg,151408,2,IHYtqW4i
151547,Koh,Loo,Engineering,Junior Engineers,Singapore,Koh.Loo@allinone.com.sg,151408,2,Lu33SU9S
151549,Kumari,Pillai,Engineering,Junior Engineers,Singapore,Kumari.Pillai@allinone.com.sg,151408,2,KzO38UqF
151556,Thi,Ling,Engineering,Junior Engineers,Singapore,Thi.Ling@allinone.com.sg,151408,2,ASgbCuNI
151558,Vannak,Seng,Engineering,Junior Engineers,Singapore,Vannak.Seng@allinone.com.sg,151408,2,xUiLNdVj
151560,Somchai,Kong,Engineering,Junior Engineers,Singapore,Somchai.Kong@allinone.com.sg,151408,2,LwZbrdmx
151561,Rath,Khun,Engineering,Junior Engineers,Singapore,Rath.Khun@allinone.com.sg,151408,2,t86ORCiy
151562,Chinh,Nguyen,Engineering,Call Centre,Singapore,Chinh.Nguyen@allinone.com.sg,151408,2,wt0BIrU0
151563,Yee,Chong,Engineering,Call Centre,Singapore,Yee.Chong@allinone.com.sg,151408,2,F6MmV50o
151564,Heng,Phal,Engineering,Call Centre,Singapore,Heng.Phal@allinone.com.sg,151408,2,DVhs7aRH
151567,Sokunthea,Seng,Engineering,Call Centre,Singapore,Sokunthea.Seng@allinone.com.sg,151408,2,XpqvhpD5
151570,Rahim,Harun,Engineering,Call Centre,Singapore,Rahim.Harun@allinone.com.sg,151408,2,4qnaYof4
151573,Trung,Nguyen,Engineering,Call Centre,Singapore,Trung.Nguyen@allinone.com.sg,151408,2,sriPiVNh
151575,Narong,Savoeun,Engineering,Call Centre,Singapore,Narong.Savoeun@allinone.com.sg,151408,2,lfPXWWYd
151576,Phuc,Luong,Engineering,Call Centre,Singapore,Phuc.Luong@allinone.com.sg,151408,2,oWHp13cd
151579,Soma,Voeun,Engineering,Call Centre,Singapore,Soma.Voeun@allinone.com.sg,151408,2,Pb2TqPYH
151580,Siv,Sothea,Engineering,Call Centre,Singapore,Siv.Sothea@allinone.com.sg,151408,2,VMWLKUu6
151581,Vannak,Samnang,Engineering,Call Centre,Singapore,Vannak.Samnang@allinone.com.sg,151408,2,vWRhV0ev
151582,Kumara,Sareth,Engineering,Call Centre,Singapore,Kumara.Sareth@allinone.com.sg,151408,2,27lbF0aO
151583,Sok,Kheng,Engineering,Call Centre,Singapore,Sok.Kheng@allinone.com.sg,151408,2,I91N3Yg8
151584,Siti,Yusuf,Engineering,Call Centre,Singapore,Siti.Yusuf@allinone.com.sg,151408,2,ftngSDuG
151589,Anh,Van,Engineering,Junior Engineers,Singapore,Anh.Van@allinone.com.sg,151408,2,l23KnrX0
151590,Priya,Kumar,Engineering,Junior Engineers,Malaysia,Priya.Kumar@allinone.com.my,151408,2,LZ5gx8MS
151591,Nanda,Kesavan,Engineering,Junior Engineers,Singapore,Nanda.Kesavan@allinone.com.sg,151408,2,QKXpRhQ9
151595,Mani,Devi,Engineering,Junior Engineers,Singapore,Mani.Devi@allinone.com.sg,151408,2,ujT94y7W
151596,Koh,Seng,Engineering,Junior Engineers,Singapore,Koh.Seng@allinone.com.sg,151408,2,dJUWSgzG
151598,Kumaru,Pillai,Engineering,Junior Engineers,Singapore,Kumaru.Pillai@allinone.com.sg,151408,2,fV0BE969
151439,Ji,Han,Engineering,Senior Engineers,Vietnam,Ji.Han@allinone.com.vn,151408,2,2rAAgzBk
151443,Anil,Kumar,Engineering,Senior Engineers,Hong Kong,Anil.Kumar@allinone.com.hk,151408,2,NNrPFpFX
151457,Chandra,Pandey,Engineering,Senior Engineers,Malaysia,Chandra.Pandey@allinone.com.my,151408,2,EUhtZsFM
151471,Chanh,Ly,Engineering,Senior Engineers,Singapore,Chanh.Ly@allinone.com.sg,151408,2,bNx2sy8J
151600,Narong,Chua,Engineering,Senior Engineers,Singapore,Narong.Chua@allinone.com.sg,151408,2,TQTiEtVV
151601,Thi Mih,Ling,Engineering,Operation Planning Team,Singapore,ThiMih.Ling@allinone.com.sg,151408,2,NKWv3P3B
151602,Vannah,Seng,Engineering,Operation Planning Team,Singapore,Vannah.Seng@allinone.com.sg,151408,2,nJfmtj40
151603,Phuong,Truong,Engineering,Operation Planning Team,Singapore,Phuong.Truong@allinone.com.sg,151408,2,4bkZILAe
151418,Chandara,Khun,Engineering,Senior Engineers,Vietnam,Chandara.Khun@allinone.com.vn,151408,2,r11EIVwg
151459,Phalla,Yong,Engineering,Junior Engineers,Vietnam,Phalla.Yong@allinone.com.vn,151408,2,algli7uk
151481,Phuc,Lam,Engineering,Junior Engineers,Vietnam,Phuc.Lam@allinone.com.vn,151408,2,726TloBz
151498,Mani,Prasad,Engineering,Junior Engineers,Vietnam,Mani.Prasad@allinone.com.vn,151408,2,mhAZHafm
151515,Rath,Sim,Engineering,Junior Engineers,Vietnam,Rath.Sim@allinone.com.vn,151408,2,rrSf5XRO
151534,Siv,Savuth,Engineering,Junior Engineers,Vietnam,Siv.Savuth@allinone.com.vn,151408,2,9ciGCeff
151550,Narong,Chua,Engineering,Junior Engineers,Vietnam,Narong.Chua@allinone.com.vn,151408,2,GXICc41e
151574,Seng,Sao,Engineering,Junior Engineers,Vietnam,Seng.Sao@allinone.com.vn,151408,2,pkjjuoSS
151593,Rithy,Sok,Engineering,Junior Engineers,Vietnam,Rithy.Sok@allinone.com.vn,151408,2,pGIjdaHW
151610,Somchai,Kong,Engineering,Junior Engineers,Vietnam,Somchai.Kong@allinone.com.vn,151408,2,IUQ3KMcy
151415,Aung,Tun,Engineering,Junior Engineers,Singapore,Aung.Tun@allinone.com.sg,151408,2,HECVxPo9
151417,Pich,Sun,Engineering,Junior Engineers,Singapore,Pich.Sun@allinone.com.sg,151408,2,xVZduzcG
151419,Heng,Heng,Engineering,Junior Engineers,Singapore,Heng.Heng@allinone.com.sg,151408,2,W0agvgRo
151420,Siti,Ismail,Engineering,Junior Engineers,Singapore,Siti.Ismail@allinone.com.sg,151408,2,Ho5E8aWB
151426,Trung,Trinh,Engineering,Junior Engineers,Singapore,Trung.Trinh@allinone.com.sg,151408,2,P571SVDy
151427,Rahul,Sharma,Engineering,Junior Engineers,Singapore,Rahul.Sharma@allinone.com.sg,151408,2,h1lDp0ES
151428,Champa,Thao,Engineering,Junior Engineers,Singapore,Champa.Thao@allinone.com.sg,151408,2,FqgnJc3K
151430,Rithy,Chheng,Engineering,Junior Engineers,Singapore,Rithy.Chheng@allinone.com.sg,151408,2,j0hpsS65
151431,Mani,Raj,Engineering,Junior Engineers,Singapore,Mani.Raj@allinone.com.sg,151408,2,cIbiRnny
151432,Sokunthea,Phan,Engineering,Junior Engineers,Singapore,Sokunthea.Phan@allinone.com.sg,151408,2,IU0wxi8W
151435,Somnang,Suon,Engineering,Junior Engineers,Singapore,Somnang.Suon@allinone.com.sg,151408,2,6QLttNnN
151438,Rath,Phan,Engineering,Junior Engineers,Singapore,Rath.Phan@allinone.com.sg,151408,2,5hBI3kZv
151440,Sok,Pich,Engineering,Junior Engineers,Singapore,Sok.Pich@allinone.com.sg,151408,2,22v06eYa
151425,Thuy,Phan,Engineering,Senior Engineers,Hong Kong,Thuy.Phan@allinone.com.hk,151408,2,lPe2kV32
151466,Siv,Sun,Engineering,Junior Engineers,Hong Kong,Siv.Sun@allinone.com.hk,151408,2,eJyyaytB
151484,Phanith,Sok,Engineering,Junior Engineers,Hong Kong,Phanith.Sok@allinone.com.hk,151408,2,mE3tSN2P
151502,Kumari,Devi,Engineering,Junior Engineers,Hong Kong,Kumari.Devi@allinone.com.hk,151408,2,qLoVsr07
151519,Heng,Chhour,Engineering,Junior Engineers,Hong Kong,Heng.Chhour@allinone.com.hk,151408,2,iXxQuzuj
151537,Sok,Mao,Engineering,Junior Engineers,Hong Kong,Sok.Mao@allinone.com.hk,151408,2,WjOeAvwT
151559,Nara,Loo,Engineering,Junior Engineers,Hong Kong,Nara.Loo@allinone.com.hk,151408,2,CIMVFKjC
151578,Chandara,Tith,Engineering,Junior Engineers,Hong Kong,Chandara.Tith@allinone.com.hk,151408,2,RB3wgWbj
151597,Arifin,Saputra,Engineering,Junior Engineers,Hong Kong,Arifin.Saputra@allinone.com.hk,151408,2,GRayqe86
151613,Yee,Chong,Engineering,Junior Engineers,Hong Kong,Yee.Chong@allinone.com.hk,151408,2,CMC9mpyC
151433,Mani,Devi,Engineering,Operation Planning Team,Indonesia ,Mani.Devi@allinone.com.id,151408,2,a0P96sx8
151476,Hakim,Rahman,Engineering,Operation Planning Team,Indonesia ,Hakim.Rahman@allinone.com.id,151408,2,sRvIzTEF
151493,Boun,Sok,Engineering,Operation Planning Team,Indonesia ,Boun.Sok@allinone.com.id,151408,2,Lbnv8ssl
151510,Anh,Ly,Engineering,Operation Planning Team,Indonesia ,Anh.Ly@allinone.com.id,151408,2,xRD5OTGv
151527,Narong,Mao,Engineering,Operation Planning Team,Indonesia ,Narong.Mao@allinone.com.id,151408,2,9iH0UY7m
151546,Mani,Choudhury,Engineering,Operation Planning Team,Indonesia ,Mani.Choudhury@allinone.com.id,151408,2,Da0HGQGe
151568,Champa,Pheap,Engineering,Operation Planning Team,Indonesia ,Champa.Pheap@allinone.com.id,151408,2,gcpVRjTs
151585,Chanh,Tith,Engineering,Operation Planning Team,Indonesia ,Chanh.Tith@allinone.com.id,151408,2,JB8oC5IQ
151416,Vannak,Chen,Engineering,Senior Engineers,Malaysia,Vannak.Chen@allinone.com.my,151408,2,riuGS8m1
151436,Samsul,Rahman,Engineering,Junior Engineers,Malaysia,Samsul.Rahman@allinone.com.my,151408,2,ftZuch6s
151479,Narong,Chen,Engineering,Junior Engineers,Malaysia,Narong.Chen@allinone.com.my,151408,2,UK0xenE9
151495,Samsul,Saifullah,Engineering,Junior Engineers,Malaysia,Samsul.Saifullah@allinone.com.my,151408,2,j1O78CIy
151513,Nara,Yong,Engineering,Junior Engineers,Malaysia,Nara.Yong@allinone.com.my,151408,2,Gj7l8bFG
151531,Chandara,Sin,Engineering,Junior Engineers,Malaysia,Chandara.Sin@allinone.com.my,151408,2,4oYlWEhz
151548,Arifin,Bakar,Engineering,Junior Engineers,Malaysia,Arifin.Bakar@allinone.com.my,151408,2,q0WbvG91
151571,Hakim,Sulaiman,Engineering,Junior Engineers,Malaysia,Hakim.Sulaiman@allinone.com.my,151408,2,cQtlyHxt
151444,Chinh,Le,Engineering,Senior Engineers,Singapore,Chinh.Le@allinone.com.sg,151408,2,zsK2kaxz
151446,Seng,Seng,Engineering,Junior Engineers,Singapore,Seng.Seng@allinone.com.sg,151408,2,8dAWh8ai
151447,Nandah,Kesavan,Engineering,Junior Engineers,Singapore,Nandah.Kesavan@allinone.com.sg,151408,2,tWyZQwME
151448,Amirah,Ahmad,Engineering,Junior Engineers,Singapore,Amirah.Ahmad@allinone.com.sg,151408,2,dO87NjJ7
151450,Sokly,Sok,Engineering,Junior Engineers,Singapore,Sokly.Sok@allinone.com.sg,151408,2,53gwPxVR
151451,Trung,Pham,Engineering,Junior Engineers,Singapore,Trung.Pham@allinone.com.sg,151408,2,dddEwrEf
151456,Phuc,Vo,Engineering,Junior Engineers,Singapore,Phuc.Vo@allinone.com.sg,151408,2,AmOZvBsg
151458,Manoj,Singh,Engineering,Junior Engineers,Singapore,Manoj.Singh@allinone.com.sg,151408,2,dNtgMSev
151464,Chhaya,Sou,Engineering,Junior Engineers,Singapore,Chhaya.Sou@allinone.com.sg,151408,2,ha1czUGB
151465,Soma,Lim,Engineering,Junior Engineers,Singapore,Soma.Lim@allinone.com.sg,151408,2,Uep1hGeh
151467,Vannak,Mao,Engineering,Junior Engineers,Singapore,Vannak.Mao@allinone.com.sg,151408,2,foUJSEnc
151468,Kumara,Seng,Engineering,Junior Engineers,Singapore,Kumara.Seng@allinone.com.sg,151408,2,kfDEbpwQ
151469,Sok,Heng,Engineering,Junior Engineers,Singapore,Sok.Heng@allinone.com.sg,151408,2,2zUdKP4A
151470,Siti,Saad,Engineering,Junior Engineers,Singapore,Siti.Saad@allinone.com.sg,151408,2,PjHNpm5R
151472,Anh,Truong,Engineering,Junior Engineers,Singapore,Anh.Truong@allinone.com.sg,151408,2,cA508h9m
151477,Priya,Kaur,Engineering,Junior Engineers,Singapore,Priya.Kaur@allinone.com.sg,151408,2,rOqI6btW
151480,Rin,Sok,Engineering,Junior Engineers,Singapore,Rin.Sok@allinone.com.sg,151408,2,dhKYDK4w
151482,Sok,Chin,Engineering,Junior Engineers,Singapore,Sok.Chin@allinone.com.sg,151408,2,xzO1c4I1
151483,Chandara,Kong,Engineering,Junior Engineers,Singapore,Chandara.Kong@allinone.com.sg,151408,2,IncDQoy3
151485,Heng Meng,Sim,Engineering,Junior Engineers,Singapore,HengMeng.Sim@allinone.com.sg,151408,2,9Wly5xcC
151487,Nanda,Devan,Engineering,Junior Engineers,Singapore,Nanda.Devan@allinone.com.sg,151408,2,1csucZsu
151488,Pich,Phan,Engineering,Junior Engineers,Singapore,Pich.Phan@allinone.com.sg,151408,2,rGeL9bDl
151489,Anil,Sarawat,Engineering,Junior Engineers,Singapore,Anil.Sarawat@allinone.com.sg,151408,2,zNkCm8if
151491,Nguyen,Tuan,Engineering,Junior Engineers,Singapore,Nguyen.Tuan@allinone.com.sg,151408,2,ivI7FGsh
151492,Bao,Kim,Engineering,Junior Engineers,Singapore,Bao.Kim@allinone.com.sg,151408,2,yTvCW6JX
151494,Soma,Khun,Engineering,Junior Engineers,Singapore,Soma.Khun@allinone.com.sg,151408,2,Lc6mM5BF
151496,Rina,Li,Engineering,Junior Engineers,Singapore,Rina.Li@allinone.com.sg,151408,2,1X2igISS
151499,Koh Mong,Seng,Engineering,Junior Engineers,Singapore,KohMong.Seng@allinone.com.sg,151408,2,CxK7wUIO
151500,Arifin,Siregar,Engineering,Junior Engineers,Singapore,Arifin.Siregar@allinone.com.sg,151408,2,vywXaiAO
151503,Narong,Khun,Engineering,Junior Engineers,Singapore,Narong.Khun@allinone.com.sg,151408,2,c9wrYWCM
151605,Srey,Suon,Engineering,Junior Engineers,Singapore,Srey.Suon@allinone.com.sg,151408,2,yszZi6sB
151606,Hlaing,Myat,Engineering,Junior Engineers,Indonesia ,Hlaing.Myat@allinone.com.id,151408,2,Obc1fS9H
151607,Anh,Vo,Engineering,Junior Engineers,Singapore,Anh.Vo@allinone.com.sg,151408,2,eZkG9UhU
151608,Chin,Chen,Engineering,Junior Engineers,Malaysia,Chin.Chen@allinone.com.my,151408,2,iDFXgzRf
151609,Nara,Loo,Engineering,Junior Engineers,Singapore,Nara.Loo@allinone.com.sg,151408,2,61xfh0cT
151611,Rith,Khun,Engineering,Junior Engineers,Singapore,Rith.Khun@allinone.com.sg,151408,2,SYDRFlBF
151612,Chinu,Nguyen,Engineering,Junior Engineers,Singapore,Chinu.Nguyen@allinone.com.sg,151408,2,6mUxbDrN
160075,James,Tan,HR,HR Team,Singapore,James.Tan@allinone.com.sg,160008,1,OTLt80oK
160302,Kumar,Sareth,HR,HR Team,Singapore,Kumar.Sareth@allinone.com.sg,160008,1,MhPiKHFR
160306,An,Van,HR,LD Team,Singapore,An.Van@allinone.com.sg,160008,2,s4SQzwIn
160318,Nurong,Chua,HR,Admin Team,Singapore,Nurong.Chua@allinone.com.sg,160008,2,nqIt0eWj
160328,Hlaing,Myat,HR,LD Team,Singapore,Hlaing.Myat@allinone.com.sg,160008,2,Vgg5uhHI
160335,Yee Meng,Chong,HR,Admin Team,Singapore,YeeMeng.Chong@allinone.com.sg,160008,2,iNWVAu3h
160065,John,Tan,HR,HR Team,Singapore,John.Tan@allinone.com.sg,160008,1,mADqNnEZ
160076,Jack,Goh,HR,HR Team,Singapore,Jack.Goh@allinone.com.sg,160008,1,mVrYKudf
160118,Derek,Chan,HR,HR Team,Singapore,Derek.Chan@allinone.com.sg,160008,1,8cCGHsjE
160135,Jaclyn,Ong,HR,HR Team,Singapore,Jaclyn.Ong@allinone.com.sg,160008,1,3JNJ5ce4
160142,Benjamin,Teo,HR,HR Team,Singapore,Benjamin.Teo@allinone.com.sg,160008,1,nnOUNfxq
160143,Lucas,Lee,HR,HR Team,Singapore,Lucas.Lee@allinone.com.sg,160008,1,juBvCm8H
160145,Mary,Wong,HR,HR Team,Singapore,Mary.Wong@allinone.com.sg,160008,1,CIYCexTu
160146,Oliva,Yong,HR,HR Team,Singapore,Oliva.Yong@allinone.com.sg,160008,1,TnbXwr3e
160148,Henry,Lim,HR,HR Team,Singapore,Henry.Lim@allinone.com.sg,160008,1,vvAHb8dr
160155,Alexander,Heng,HR,HR Team,Singapore,Alexander.Heng@allinone.com.sg,160008,1,YBUke0H7
160188,Emma,Toh,HR,HR Team,Singapore,Emma.Toh@allinone.com.sg,160008,1,1ozTtqij
160212,Charlotte,The,HR,HR Team,Singapore,Charlotte.The@allinone.com.sg,160008,1,HNmOJ1nk
160213,Amelia,Ng,HR,HR Team,Singapore,Amelia.Ng@allinone.com.sg,160008,1,jIcbBU46
160218,Eva,Tan,HR,HR Team,Singapore,Eva.Tan@allinone.com.sg,160008,1,fBWHCMZR
160225,Sophia,Fu,HR,HR Team,Singapore,Sophia.Fu@allinone.com.sg,160008,1,DkUUljDX
160258,Michael,Chen,HR,HR Team,Singapore,Michael.Chen@allinone.com.sg,160008,1,lg88dZ8w
160282,Ethan,Loo,HR,HR Team,Singapore,Ethan.Loo@allinone.com.sg,160008,1,O0h5Slwk
160283,Somchai,Pong,HR,HR Team,Singapore,Somchai.Pong@allinone.com.sg,160008,1,HSGGhwaC
160284,Ruth,Khu,HR,HR Team,Singapore,Ruth.Khu@allinone.com.sg,160008,1,R6uUDztS
160286,Chin Min,Nguyen,HR,HR Team,Singapore,ChinMin@allinone.com.sg,160008,1,8ZJpyQET
160287,Yee,Phal,HR,HR Team,Singapore,Yee.Phal@allinone.com.sg,160008,1,zcqmgK3X
160288,Heng,Seng,HR,HR Team,Singapore,Heng.Seng@allinone.com.sg,160008,1,g9B0OBGA
160289,Sokunthea,Pheap,HR,HR Team,Singapore,Sokunthea.Pheap@allinone.com.sg,160008,1,C91U3YHf
160290,Champa,Harun,HR,HR Team,Singapore,Champa.Harun@allinone.com.sg,160008,1,yVKcTSCi
160291,Rahim,Kesavan,HR,HR Team,Singapore,Rahim.Kesavan@allinone.com.sg,160008,1,glK1gC8N
160293,Hakim,Pillai,HR,HR Team,Singapore,Hakim.Pillai@allinone.com.sg,160008,1,81Yaz8nN
160294,Trung,Truong,HR,HR Team,Singapore,Trung.Truong@allinone.com.sg,160008,1,9Jcktg7C
160295,Seng,Kong,HR,HR Team,Singapore,Seng.Kong@allinone.com.sg,160008,1,3CbMC1sf
160296,Narong,Luong,HR,HR Team,Singapore,Narong.Luong@allinone.com.sg,160008,1,tOZoKNsz
160297,Phuc,Tan,HR,HR Team,Singapore,Phuc.Tan@allinone.com.sg,160008,1,NIn9ZPvy
160298,Chandara,Wong,HR,HR Team,Singapore,Chandara.Wong@allinone.com.sg,160008,1,VdmlqJC5
160299,Soma,Ong,HR,HR Team,Singapore,Soma.Ong@allinone.com.sg,160008,1,LINsmjuK
160300,Siv,Tan,HR,HR Team,Singapore,Siv.Tan@allinone.com.sg,160008,1,xsal2kTr
160301,Vannak,Goh,HR,HR Team,Singapore,Vannak.Goh@allinone.com.sg,160008,1,iUn7NigN
160303,Sok,Chan,HR,LD Team,Singapore,Sok.Chan@allinone.com.sg,160008,2,DOrywJYD
160304,Siti,Teo,HR,LD Team,Singapore,Siti.Teo@allinone.com.sg,160008,2,HLynEq5e
160305,Chanh,Tith,HR,LD Team,Singapore,Chanh.Tith@allinone.com.sg,160008,2,JQXYaZtm
160307,Priya,Kumar,HR,LD Team,Singapore,Priya.Kumar@allinone.com.sg,160008,2,zE8qqR7X
160308,Vannah,Kesavan,HR,LD Team,Singapore,Vannah.Kesavan@allinone.com.sg,160008,2,CWsPT9Dn
160313,Srey,Sok,HR,LD Team,Singapore,Srey.Sok@allinone.com.sg,160008,2,5ttOGCtz
160314,Hlaing,Devi,HR,LD Team,Singapore,Hlaing.Devi@allinone.com.sg,160008,2,ynmC7lRe
160315,Anh,Seng,HR,Admin Team,Singapore,Anh.Seng@allinone.com.sg,160008,2,Io8ThtzI
160316,Chin,Saputra,HR,Admin Team,Singapore,Chin.Saputra@allinone.com.sg,160008,2,dsOEskJE
160317,Nara,Pillai,HR,Admin Team,Singapore,Nara.Pillai@allinone.com.sg,160008,2,a8ZqPvsK
160323,Chandara,Ling,HR,LD Team,Singapore,Chandara.Ling@allinone.com.sg,160008,2,S1fM3qNw
160324,Soma,Seng,HR,LD Team,Singapore,Soma.Seng@allinone.com.sg,160008,2,XbFXrKSe
160325,Siv,Truong,HR,LD Team,Singapore,Siv.Truong@allinone.com.sg,160008,2,2xzXnNyy
160326,Vannak,Suon,HR,LD Team,Singapore,Vannak.Suon@allinone.com.sg,160008,2,vKyowU3b
160329,Kumara,Vo,HR,LD Team,Singapore,Kumara.Vo@allinone.com.sg,160008,2,azVVpQZa
160330,Ruth,Chen,HR,LD Team,Singapore,Ruth.Chen@allinone.com.sg,160008,2,i2TLmz8Q
160331,Chinh,Loo,HR,LD Team,Singapore,Chinh.Loo@allinone.com.sg,160008,2,rEJmuarY
160332,Yee,Kong,HR,LD Team,Singapore,Yee.Kong@allinone.com.sg,160008,2,iyvGTueL
160333,Heng,Khun,HR,LD Team,Singapore,Heng.Khun@allinone.com.sg,160008,2,xoF53Ang
160334,Sokunthe,Nguyen,HR,LD Team,Singapore,Sokunthe.Nguyen@allinone.com.sg,160008,2,kJORdIbo
160336,Champa,Phal,HR,Admin Team,Singapore,Champa.Phal@allinone.com.sg,160008,2,TrPjtp5B
160337,Rahim,Seng,HR,Admin Team,Singapore,Rahim.Seng@allinone.com.sg,160008,2,4HcMesIe
160338,Hakim,Pheap,HR,Admin Team,Singapore,Hakim.Pheap@allinone.com.sg,160008,2,367OaaPY
160339,Trung,Harun,HR,Admin Team,Singapore,Trung.Harun@allinone.com.sg,160008,2,T68Kef6P
171009,Seng,Kesavan,Finance,Finance Manager,Singapore,Seng.Kesavan@allinone.com.sg,170166,3,r8mdiHes
171014,Narong,Pillai,Finance,Finance Manager,Singapore,Narong.Pillai@allinone.com.sg,170166,3,qBw3dDy3
171018,Ji,Truong,Finance,Finance Manager,Singapore,Ji.Truong@allinone.com.sg,170166,3,d92mZnaD
171029,Chandra,Kong,Finance,Finance Manager,Singapore,Chandra.Kong@allinone.com.sg,170166,3,8AZyaOiw
171043,Rithy,Luong,Finance,Finance Manager,Singapore,Rithy.Luong@allinone.com.sg,170166,3,osGN6UWy
170208,Mani,Tan,Finance,Finance Executive,Singapore,Mani.Tan@allinone.com.sg,171009,2,rHQWwbW9
170215,Sokunthea,Wong,Finance,Finance Executive,Singapore,Sokunthea.Wong@allinone.com.sg,171009,2,oTelqKvV
170216,Mani,Ong,Finance,Finance Executive,Singapore,Mani.Ong@allinone.com.sg,171009,2,lpF2BCCL
170232,Somnang,Tan,Finance,Finance Executive,Singapore,Somnang.Tan@allinone.com.sg,171009,2,t29XCcMP
170233,Logan,Goh,Finance,Finance Executive,Singapore,Logan.Goh@allinone.com.sg,171009,2,K29CjYNq
170238,Jackson,Chan,Finance,Finance Executive,Singapore,Jackson.Chan@allinone.com.sg,171009,2,97ykY3WE
170245,Aiden,Teo,Finance,Finance Executive,Singapore,Aiden.Teo@allinone.com.sg,171009,2,hU2XSAW9
170655,Samuel,Lee,Finance,Finance Executive,Singapore,Samuel.Lee@allinone.com.sg,171009,2,3Ypqaru5
170866,Susan,Lim,Finance,Finance Executive,Singapore,Susan.Lim@allinone.com.sg,171009,2,KfHUvZ3Q
171008,Janice,Heng,Finance,Finance Executive,Singapore,Janice.Heng@allinone.com.sg,171009,2,gyjndH0j
171010,Rithy,Saad,Finance,Finance Executive,Singapore,Rithy.Saad@allinone.com.sg,171014,2,zUfT1hY3
171011,Mani,Ly,Finance,Finance Executive,Singapore,Mani.Ly@allinone.com.sg,171014,2,CiFDL1fF
171012,Koh,Truong,Finance,Finance Executive,Singapore,Koh.Truong@allinone.com.sg,171014,2,E9QbV7Kh
171013,Arifin,Rahman,Finance,Finance Executive,Singapore,Arifin.Rahman@allinone.com.sg,171014,2,oh6xx28P
171015,Narong,Kaur,Finance,Finance Executive,Singapore,Narong.Kaur@allinone.com.sg,171018,2,ENeEgKBi
171016,Thi,Chen,Finance,Finance Executive,Singapore,Thi.Chen@allinone.com.sg,171018,2,6HqflUhI
171017,Vannah,Sok,Finance,Finance Executive,Singapore,Vannah.Sok@allinone.com.sg,171018,2,zwteLaIt
171022,Srey,Lam,Finance,Finance Executive,Singapore,Srey.Lam@allinone.com.sg,171029,2,bekccZMl
171023,Hlaing,Chin,Finance,Finance Executive,Singapore,Hlaing.Chin@allinone.com.sg,171029,2,cvtwg18v
171024,Anh,Kong,Finance,Finance Executive,Singapore,Anh.Kong@allinone.com.sg,171029,2,p0jFbRs3
171026,Chin,Sok,Finance,Finance Executive,Singapore,Chin.Sok@allinone.com.sg,171029,2,vfUH4JTF
171027,Nara,Devan,Finance,Finance Executive,Singapore,Nara.Devan@allinone.com.sg,171029,2,rJBnqe0i
171044,Chandara,Phan,Finance,Finance Executive,Singapore,Chandara.Phan@allinone.com.sg,171029,2,56WbOQEq
171045,Soma,Sarawat,Finance,Finance Executive,Singapore,Soma.Sarawat@allinone.com.sg,171029,2,9Tyc4V6e
171046,Siv,Tuan,Finance,Finance Executive,Singapore,Siv.Tuan@allinone.com.sg,171029,2,uCl2pVgY
171047,Vannak,Kim,Finance,Finance Executive,Singapore,Vannak.Kim@allinone.com.sg,171029,2,8iWuZpPL
171048,Kumara,Sok,Finance,Finance Executive,Singapore,Kumara.Sok@allinone.com.sg,171029,2,DnzzVRDh
171030,Ruth,Khun,Finance,Finance Executive,Singapore,Ruth.Khun@allinone.com.sg,171043,2,5EGd5XRg
171031,Chinh,Saifullah,Finance,Finance Executive,Singapore,Chinh.Saifullah@allinone.com.sg,171043,2,XN25jAh2
171032,Yee,Li,Finance,Finance Executive,Singapore,Yee.Li@allinone.com.sg,171043,2,TEEqXPnW
171033,Heng,Prasad,Finance,Finance Executive,Singapore,Heng.Prasad@allinone.com.sg,171043,2,AFyaFrCt
171034,Sokunthe,Seng,Finance,Finance Executive,Singapore,Sokunthe.Seng@allinone.com.sg,171043,2,C3VRikK6
171035,Champa,Siregar,Finance,Finance Executive,Singapore,Champa.Siregar@allinone.com.sg,171043,2,bN4xsSfw
171036,Rahim,Devi,Finance,Finance Executive,Singapore,Rahim.Devi@allinone.com.sg,171043,2,MvjzyI6s
171038,Hakim,Myat,Finance,Finance Executive,Singapore,Hakim.Myat@allinone.com.sg,171043,2,27U1qga8
171039,Trung,Chen,Finance,Finance Executive,Singapore,Trung.Chen@allinone.com.sg,171043,2,e9Zs1tYp
171041,Seng,Loo,Finance,Finance Executive,Singapore,Seng.Loo@allinone.com.sg,171043,2,lbZVh7hQ
171042,Narong,Kong,Finance,Finance Executive,Singapore,Narong.Kong@allinone.com.sg,171043,2,Zm5t4VaV
180012,Ji,Khung,Consultancy,Counsultant,Singapore,Ji.Khung@allinone.com.sg,180001,2,JgWFA2oR
180029,Chandra,Nguyen,Consultancy,Counsultant,Singapore,Chandra.Nguyen@allinone.com.sg,180001,2,Jv13ZM3a
180002,Rithy,Chong,Consultancy,Counsultant,Singapore,Rithy.Chong@allinone.com.sg,180001,2,ZGpIF4vL
180003,Mani,Phalp,Consultancy,Counsultant,Singapore,Mani.Phalp@allinone.com.sg,180001,2,jPDVxskg
180004,Sokunthea,Beng,Consultancy,Counsultant,Singapore,Sokunthea.Beng@allinone.com.sg,180001,2,4Ytzdiha
180005,Mani,Pheap,Consultancy,Counsultant,Singapore,Mani.Pheap@allinone.com.sg,180001,2,bKqUjFxV
180006,Somnang,Harun,Consultancy,Counsultant,Singapore,Somnang.Harun@allinone.com.sg,180001,2,bJzhwZrv
180010,Samsul,Rahman,Consultancy,Counsultant,Singapore,Samsul.Rahman@allinone.com.sg,180001,2,v0BczACO
180011,Bui Lui,Phan,Consultancy,Counsultant,Singapore,Bui Lui.Phan@allinone.com.sg,180001,2,yRQ3jKFd
180013,Rahim,Pich,Consultancy,Counsultant,Singapore,Rahim.Pich@allinone.com.sg,180001,2,tPb22Ldt
180014,Dewi,Hoang,Consultancy,Counsultant,Singapore,Dewi.Hoang@allinone.com.sg,180001,2,MiCVxXGZ
180015,Sokha,Kumar,Consultancy,Counsultant,Singapore,Sokha.Kumar@allinone.com.sg,180001,2,3jKdXFWU
180019,Tuan,Le,Consultancy,Counsultant,Singapore,Tuan.Le@allinone.com.sg,180001,2,4eqw0gNZ
180020,Bao,Seng,Consultancy,Counsultant,Singapore,Bao.Seng@allinone.com.sg,180001,2,CSOlZkrw
180021,Amara,Kesavan,Consultancy,Counsultant,Singapore,Amara.Kesavan@allinone.com.sg,180001,2,07gMSBwz
180022,Srey,Ahmad,Consultancy,Counsultant,Singapore,Srey.Ahmad@allinone.com.sg,180001,2,4BJgPFEh
180023,Arifi,Sok,Consultancy,Counsultant,Singapore,Arifi.Sok@allinone.com.sg,180001,2,YhsZ12eK
180025,Chin,Pham,Consultancy,Counsultant,Singapore,Chin.Pham@allinone.com.sg,180001,2,62R32tfq
180026,Siti,Suon,Consultancy,Counsultant,Singapore,Siti.Suon@allinone.com.sg,180001,2,jr9OxhiO
180027,Siti,Vo,Consultancy,Counsultant,Singapore,Siti.Vo@allinone.com.sg,180001,2,dFo1xbA0
180030,Rina,Singh,Consultancy,Counsultant,Singapore,Rina.Singh@allinone.com.sg,180001,2,vg0Nx8B8
180032,Chandara,Yong,Consultancy,Counsultant,Singapore,Chandara.Yong@allinone.com.sg,180001,2,iUuwRI5T
180033,Heng Meng,Sou,Consultancy,Counsultant,Singapore,Heng Meng.Sou@allinone.com.sg,180001,2,vZkQARNH
180034,Priya,Lim,Consultancy,Counsultant,Singapore,Priya.Lim@allinone.com.sg,180001,2,CJrP8uib
180036,Ngoc,Sun,Consultancy,Counsultant,Singapore,Ngoc.Sun@allinone.com.sg,180001,2,wLE35vCw
180037,Manoj,Mao,Consultancy,Counsultant,Singapore,Manoj.Mao@allinone.com.sg,180001,2,6q6h50Q9
180038,Somi,Seng,Consultancy,Counsultant,Singapore,Somi.Seng@allinone.com.sg,180001,2,4lgt8caM
190003,Chin Meng,Heng,Solutioning,Developers,Singapore,ChinMeng.Heng@allinone.com.sg,150008,2,XcQc7c0P
190004,Sok,Saad,Solutioning,Developers,Singapore,Sok.Saad@allinone.com.sg,150008,2,otq4QPln
190005,Tatkong,Ly,Solutioning,Developers,Singapore,Tatkong.Ly@allinone.com.sg,150008,2,iQ0ITcsJ
190006,Sani,Truong,Solutioning,Developers,Singapore,Sani.Truong@allinone.com.sg,150008,2,YtnELhfL
190008,Kakim,Rahman,Solutioning,Developers,Singapore,Kakim.Rahman@allinone.com.sg,150008,2,Oz4XMPwx
190009,Siri,Kaur,Solutioning,Developers,Singapore,Siri.Kaur@allinone.com.sg,150008,2,edFfpeZE
190010,Rata,Chen,Solutioning,Developers,Singapore,Rata.Chen@allinone.com.sg,150008,2,QW6fR9g9
190014,Yee Meng,Sok,Solutioning,Developers,Singapore,Yee Meng.Sok@allinone.com.sg,150008,2,nmOtI0oN
190015,Wai Wai,Lam,Solutioning,Developers,Singapore,Wai Wai.Lam@allinone.com.sg,150008,2,W5kq3Dz4
190016,Thin,Chin,Solutioning,Developers,Singapore,Thin.Chin@allinone.com.sg,150008,2,PsUOp3Zq
190017,Nara,Kong,Solutioning,Developers,Singapore,Nara.Kong@allinone.com.sg,150008,2,LxnrMmcD
190018,Manni,Sok,Solutioning,Developers,Singapore,Manni.Sok@allinone.com.sg,150008,2,W4w0xxdr
190021,An,Devan,Solutioning,Developers,Singapore,An.Devan@allinone.com.sg,150008,2,uzJc0OQn
190022,Rithe,Phan,Solutioning,Developers,Singapore,Rithe.Phan@allinone.com.sg,150008,2,9Va8sq0e
190024,Koh Kok,Sarawat,Solutioning,Developers,Singapore,Koh Kok.Sarawat@allinone.com.sg,150008,2,hpRb36bu
190025,Arifi,Tuan,Solutioning,Developers,Singapore,Arifi.Tuan@allinone.com.sg,150008,2,pV79cvcw
190026,Kumar,Kim,Solutioning,Developers,Singapore,Kumar.Kim@allinone.com.sg,150008,2,W0iW90bs
190027,Narong,Sok,Solutioning,Developers,Singapore,Narong.Sok@allinone.com.sg,150008,2,3Cwjn6uz
190028,Thin,Khun,Solutioning,Developers,Singapore,Thin.Khun@allinone.com.sg,150008,2,xkKYYYn2
190029,Vannak,Saifullah,Solutioning,Developers,Singapore,Vannak.Saifullah@allinone.com.sg,150008,2,VdrUYlDV
190030,Phuon,Li,Solutioning,Developers,Singapore,Phuon.Li@allinone.com.sg,150008,2,LPuNsGxd
190031,Sri,Prasad,Solutioning,Developers,Singapore,Sri.Prasad@allinone.com.sg,150008,2,5182qSsk
190032,Haing,Seng,Solutioning,Developers,Singapore,Haing.Seng@allinone.com.sg,150008,2,kUg4TKwP
190033,Chin Chin,Siregar,Solutioning,Developers,Singapore,Chin Chin.Siregar@allinone.com.sg,150008,2,ylf4iHrJ
190035,Kumari,Devi,Solutioning,Developers,Singapore,Kumari.Devi@allinone.com.sg,150008,2,AdLNqS6x
190036,Narong,Myat,Solutioning,Developers,Singapore,Narong.Myat@allinone.com.sg,150008,2,xRJXOreJ
190038,Heng,Chen,Solutioning,Developers,Singapore,Heng.Chen@allinone.com.sg,150008,2,eNGRtQuO
190040,Rina,Loo,Solutioning,Developers,Singapore,Rina.Loo@allinone.com.sg,150008,2,1WwFkRIO
190041,Boun,Kong,Solutioning,Developers,Singapore,Boun.Kong@allinone.com.sg,150008,2,ErgRPNSz
190042,Aung,Khung,Solutioning,Developers,Singapore,Aung.Khung@allinone.com.sg,150008,2,fIxYzPlX
190043,Thu,Nguyen,Solutioning,Developers,Singapore,Thu.Nguyen@allinone.com.sg,150008,2,cEffWGxL
190044,Rajesh,Chong,Solutioning,Developers,Singapore,Rajesh.Chong@allinone.com.sg,150008,2,zzajBwWu
190045,Koh,Phalp,Solutioning,Developers,Singapore,Koh.Phalp@allinone.com.sg,150008,2,dHJiRDlH
190046,Somchai,Seng,Solutioning,Developers,Singapore,Somchai.Seng@allinone.com.sg,150008,2,GUDMEqSE
190047,Seng,Pheap,Solutioning,Developers,Singapore,Seng.Pheap@allinone.com.sg,150008,2,g7tadWbg
190048,Anh,Harun,Solutioning,Developers,Singapore,Anh.Harun@allinone.com.sg,150008,2,RHKnucAd
190049,Ratana,Sulaiman,Solutioning,Developers,Singapore,Ratana.Sulaiman@allinone.com.sg,150008,2,xKSIfio3
190050,Bui Lui,Nguyen,Solutioning,Developers,Singapore,BuiLui.Nguyen@allinone.com.sg,150008,2,efZrMdal
190051,Rahim,Saon,Solutioning,Developers,Singapore,Rahim.Saon@allinone.com.sg,150008,2,9mYFRNlW
190052,Dewi,Savoeun,Solutioning,Developers,Singapore,Dewi.Savoeun@allinone.com.sg,150008,2,657WiTDn
190054,Sokha,Luon,Solutioning,Developers,Singapore,Sokha.Luon@allinone.com.sg,150008,2,NW1c76gZ
190055,Tuan,Tithe,Solutioning,Developers,Singapore,Tuan.Tithe@allinone.com.sg,150008,2,7gYSmlwq
190056,Bao,Lu,Solutioning,Developers,Singapore,Bao.Lu@allinone.com.sg,150008,2,ZQ102rv2
190057,Amara,Singh,Solutioning,Developers,Singapore,Amara.Singh@allinone.com.sg,150008,2,FHGq0mWr
190058,Srey,Mao,Solutioning,Developers,Singapore,Srey.Mao@allinone.com.sg,150008,2,zEdmBc0Q
190064,Arifi,Sapu,Solutioning,Support Team,Singapore,Arifi.Sapu@allinone.com.sg,150008,2,gwzsMtT2
190091,Chin,Tran,Solutioning,Support Team,Singapore,Chin.Tran@allinone.com.sg,150008,2,fLT08zwV
190092,Siti,Ahmah,Solutioning,Support Team,Singapore,Siti.Ahmah@allinone.com.sg,150008,2,8sY5yctx
190065,Siti,Salah,Solutioning,Support Team,Malaysia,Siti.Salah@allinone.com.my,150008,2,l2PSxy46
190066,Rina,Siriporn,Solutioning,Support Team,Malaysia,Rina.Siriporn@allinone.com.my,150008,2,RnbLdBcf
190068,Chandara,Kim,Solutioning,Support Team,Malaysia,Chandara.Kim@allinone.com.my,150008,2,MpKQbwpY
190069,Heng Meng,Phan,Solutioning,Support Team,Indonesia ,HengMeng.Phan@allinone.com.id,150008,2,3kGHO0Zx
190074,Priya,Maliki,Solutioning,Support Team,Indonesia ,Priya.Maliki@allinone.com.id,150008,2,3vvP5IR2
190075,Ngoc,Trinh,Solutioning,Support Team,Indonesia ,Ngoc.Trinh@allinone.com.id,150008,2,EUJswo79
190076,Manoj,Kumar,Solutioning,Support Team,Indonesia ,Manoj.Kumar@allinone.com.id,150008,2,SKzeKQRr
190078,Somi,Somsri,Solutioning,Support Team,Vietnam,Somi.Somsri@allinone.com.vn,150008,2,horVlKju
190079,Chin,Lim,Solutioning,Support Team,Vietnam,Chin.Lim@allinone.com.vn,150008,2,hdv4gMVh
190080,Sok,Chay,Solutioning,Support Team,Hong Kong,Sok.Chay@allinone.com.hk,150008,2,tRzB7s0u
190082,Tatkong,Nguyen,Solutioning,Support Team,Hong Kong,Tatkong.Nguyen@allinone.com.hk,150008,2,8WjARg0P
190087,Sani,Perumal,Solutioning,Support Team,Hong Kong,Sani.Perumal@allinone.com.hk,150008,2,1NIIbmZk
190088,Kakim,Siregar,Solutioning,Support Team,Hong Kong,Kakim.Siregar@allinone.com.hk,150008,2,j5Bvy77B
190089,Siri,Chaiyaporn,Solutioning,Support Team,Hong Kong,Siri.Chaiyaporn@allinone.com.hk,150008,2,dJqskZEc
190094,Rata,Keo,Solutioning,Support Team,Singapore,Rata.Keo@allinone.com.sg,150008,2,UsS6lrKx
190095,Yee Meng,Lim,Solutioning,Support Team,Singapore,YeeMeng.Lim@allinone.com.sg,150008,2,fOCG3OkG
190096,Wai Wai,Yong,Solutioning,Support Team,Singapore,WaiWai.Yong@allinone.com.sg,150008,2,zhR33atn
190097,Thin,Pham,Solutioning,Support Team,Singapore,Thin.Pham@allinone.com.sg,150008,2,siBKE2v2
190098,Nara,Sook,Solutioning,Support Team,Singapore,Nara.Sook@allinone.com.sg,150008,2,VImJUFrH
210018,Manni,Devi,IT,IT Team,Singapore,Manni.Devi@allinone.com.sg,210001,2,pBZ6VOYM
210028,An,Vo,IT,IT Team,Singapore,An.Vo@allinone.com.sg,210001,2,7hTfQojJ
210017,Rithe,Sok,IT,IT Team,Singapore,Rithe.Sok@allinone.com.sg,210001,2,E72WZxQi
210019,Koh Kok,Seng,IT,IT Team,Singapore,KohKok.Seng@allinone.com.sg,210001,2,s7QV19W8
210020,Arifi,Saputra,IT,IT Team,Singapore,Arifi.Saputra@allinone.com.sg,210001,2,4gL3ugxb
210021,Kumar,Pillai,IT,IT Team,Singapore,Kumar.Pillai@allinone.com.sg,210001,2,2E7uU8pl
210022,Narong,Phua,IT,IT Team,Singapore,Narong.Phua@allinone.com.sg,210001,2,dRrf3b58
210023,Thin,Ling,IT,IT Team,Singapore,Thin.Ling@allinone.com.sg,210001,2,V0MXHCs1
210024,Vannak,Teng,IT,IT Team,Singapore,Vannak.Teng@allinone.com.sg,210001,2,EWEdjINv
210025,Phuon,Truong,IT,IT Team,Singapore,Phuon.Truong@allinone.com.sg,210001,2,T8TadCBZ
210026,Sri,Suon,IT,IT Team,Singapore,Sri.Suon@allinone.com.sg,210001,2,LQ6W6aIt
210027,Haing,Myat,IT,IT Team,Singapore,Haing.Myat@allinone.com.sg,210001,2,yuYYXWA6
210029,Chin Chin,Chen,IT,IT Team,Singapore,ChinChin.Chen@allinone.com.sg,210001,2,XsFb742w
210030,Narah,Loo,IT,IT Team,Singapore,Narah.Loo@allinone.com.sg,210001,2,vbUoEtZ8
210031,Somachai,Kong,IT,IT Team,Singapore,Somachai.Kong@allinone.com.sg,210001,2,TlqcKVsc
210032,Rath,Khung,IT,IT Team,Singapore,Rath.Khung@allinone.com.sg,210001,2,0Gsnyp9D
210033,Chin,Nguyen,IT,IT Team,Singapore,Chin.Nguyen@allinone.com.sg,210001,2,fLIS9r0E
210034,Yee Seng,Chong,IT,IT Team,Singapore,YeeSeng.Chong@allinone.com.sg,210001,2,erOy5fQC
210035,Heng,Phalp,IT,IT Team,Singapore,Heng.Phalp@allinone.com.sg,210001,2,fwkoONuE
210036,Sokuntheap,Seng,IT,IT Team,Singapore,Sokuntheap.Seng@allinone.com.sg,210001,2,5gZoCb2w
210037,Champan,Pheap,IT,IT Team,Singapore,Champan.Pheap@allinone.com.sg,210001,2,sQidj5sl
210038,Kahim,Harun,IT,IT Team,Singapore,Kahim.Harun@allinone.com.sg,210001,2,WZVyuuuU
210039,Halim,Sulaiman,IT,IT Team,Singapore,Halim.Sulaiman@allinone.com.sg,210001,2,0jLDDVua
210040,Trong,Nguyen,IT,IT Team,Singapore,Trong.Nguyen@allinone.com.sg,210001,2,u9Ljl3Jh
210041,Seng,Saon,IT,IT Team,Singapore,Seng.Saon@allinone.com.sg,210001,2,JwSxmjG5
210042,Naron,Savoeun,IT,IT Team,Singapore,Naron.Savoeun@allinone.com.sg,210001,2,exdzIAmm
210043,Phuc,Luon,IT,IT Team,Singapore,Phuc.Luon@allinone.com.sg,210001,2,cuZ35nEr
210044,Chandara,Tithe,IT,IT Team,Singapore,tithe.chandra@allinone.com.sg,210001,2,CPnQ8QGt
140880,Heng,Chan,Sales,Account Manager,Singapore,Heng.Chan@allinone.com.sg,140008,2,YMIUb6iI
140881,Rina,Tan,Sales,Account Manager,Singapore,Rina.Tan@allinone.com.sg,140008,2,gQ02ztG5
140882,Boun,Souk,Sales,Account Manager,Singapore,Boun.Souk@allinone.com.sg,140008,2,6alQFeP5
140883,Aung,Kyaw,Sales,Account Manager,Singapore,Aung.Kyaw@allinone.com.sg,140008,2,o4Gft3UH
140886,Thuy,Nguyen,Sales,Account Manager,Singapore,Thuy.Nguyen@allinone.com.sg,140008,2,gzFdquSc
140887,Rajesh,Kumar,Sales,Account Manager,Singapore,Rajesh.Kumar@allinone.com.sg,140008,2,y0uYOc3H
140888,Koh,Lim,Sales,Account Manager,Singapore,Koh.Lim@allinone.com.sg,140008,2,HEhbpnha
140889,Somchai,Somboon,Sales,Account Manager,Singapore,Somchai.Somboon@allinone.com.sg,140008,2,RNqSFeqn
140890,Seng,Lee,Sales,Account Manager,Singapore,Seng.Lee@allinone.com.sg,140008,2,g3f3fW8y
140891,Anh,Tran,Sales,Account Manager,Singapore,Anh.Tran@allinone.com.sg,140008,2,jObGQa43
140892,Ratana,Chen,Sales,Account Manager,Singapore,Ratana.Chen@allinone.com.sg,140008,2,OGYx34iP
140893,Bui,Nguyen,Sales,Account Manager,Singapore,Bui.Nguyen@allinone.com.sg,140103,2,sE8xX520
140895,Dewi,Putri,Sales,Account Manager,Singapore,Dewi.Putri@allinone.com.sg,140103,2,S81rEPup
140898,Sokha,Seng,Sales,Account Manager,Singapore,Sokha.Seng@allinone.com.sg,140103,2,jOBAeLXU
140900,Tuan,Nguyen,Sales,Account Manager,Singapore,Tuan.Nguyen@allinone.com.sg,140103,2,JuuBWnCT
140901,Bao,Luu,Sales,Account Manager,Singapore,Bao.Luu@allinone.com.sg,140103,2,C1iu9e6T
140940,Siti,Ahmad,Sales,Account Manager,Singapore,Siti.Ahmad@allinone.com.sg,140879,2,iAqn2g7o
140941,Chandra,Rai,Sales,Account Manager,Singapore,Chandra.Rai@allinone.com.sg,140879,2,42nBOhTN
140942,Ratana,Keo,Sales,Account Manager,Singapore,Ratana.Keo@allinone.com.sg,140879,2,xYZgiAsl
140945,Wai,Yong,Sales,Account Manager,Singapore,Wai.Yong@allinone.com.sg,140879,2,vJpnppoT
140947,Thi,Pham,Sales,Account Manager,Singapore,Thi.Pham@allinone.com.sg,140879,2,qDK4IbLw
140948,Nara,Sok,Sales,Account Manager,Singapore,Nara.Sok@allinone.com.sg,140879,2,xlmwkfm4
140927,Chin,Lim,Sales,Account Manager,Hong Kong,Chin.Lim@allinone.com.hk,140879,2,wB2wwfoK
140928,Sok,Chhay,Sales,Account Manager,Hong Kong,Sok.Chhay@allinone.com.hk,140879,2,yX60yPoR
140929,Tat,Nguyen,Sales,Account Manager,Hong Kong,Tat.Nguyen@allinone.com.hk,140879,2,DcMQTgy5
140933,Hlaing,Sithu,Sales,Account Manager,Hong Kong,Hlaing.Sithu@allinone.com.hk,140879,2,J9IUrpcC
140934,Santhi,Perumal,Sales,Account Manager,Hong Kong,Santhi.Perumal@allinone.com.hk,140879,2,64TzTCcW
140935,Hakim,Siregar,Sales,Account Manager,Hong Kong,Hakim.Siregar@allinone.com.hk,140879,2,qWWEViHK
140937,Sirirat,Chaiyaporn,Sales,Account Manager,Hong Kong,Sirirat.Chaiyaporn@allinone.com.hk,140879,2,e8999iOg
140938,Chinh,Tran,Sales,Account Manager,Hong Kong,Chinh.Tran@allinone.com.hk,140879,2,RDxLskNL
140910,Rina,Siriporn,Sales,Account Manager,Indonesia ,Rina.Siriporn@allinone.com.id,140879,2,bSuWKje0
140911,Minh,Ly,Sales,Account Manager,Indonesia ,Minh.Ly@allinone.com.id,140944,2,qGw9tHVU
140912,Chandara,Kim,Sales,Account Manager,Indonesia ,Chandara.Kim@allinone.com.id,140944,2,wZJDOiGX
140917,Heng,Phan,Sales,Account Manager,Indonesia ,Heng.Phan@allinone.com.id,140944,2,rX0KrfeI
140918,Nara,Khun,Sales,Account Manager,Indonesia ,Nara.Khun@allinone.com.id,140944,2,agRRitA9
140919,Priya,Malik,Sales,Account Manager,Indonesia ,Priya.Malik@allinone.com.id,140944,2,3id3h0ZM
140903,Amara,Singh,Sales,Account Manager,Malaysia,Amara.Singh@allinone.com.my,140944,2,pp1d99TH
140904,Srey,Mao,Sales,Account Manager,Malaysia,Srey.Mao@allinone.com.my,140944,2,EWu63EbE
140905,Phuc,Le,Sales,Account Manager,Malaysia,Phuc.Le@allinone.com.my,140944,2,1vVZLKLW
140908,Arifin,Saputra,Sales,Account Manager,Malaysia,Arifin.Saputra@allinone.com.my,140944,2,rGdbTSqm
140909,Siti,Salleh,Sales,Account Manager,Malaysia,Siti.Salleh@allinone.com.my,140944,2,KeGuACGN
